# GENERATED — edit harness-manifest.json, then run tools/generate.py.
# Columns: skill<TAB>class<TAB>caller/intent
# Classes: user-only | parent-invoked | entry-router | model-support
analyze-project	entry-router	Use when the user asks to analyze existing code, a paper, or a document and no usable persistent analysis exists, or to refresh stale analysis; default initial analysis to persistent output. Owns analysis; default preset. Not for conversational, read-only, or no-file analysis; orientation, context recovery, status, experiments, external research, source changes, or completed-work audits.
analyze-user	entry-router	Use when durable cross-project user preferences must be inferred from coding, writing, or analysis evidence and stored as a profile. Owns profile; default preset. Not for one-project context recovery, casual preference acknowledgment, or ordinary task execution.
artifact-projection-read	model-support	Use when an agent or operator needs to browse or query an existing Cairn artifact projection without changing artifacts or runtime state. Not for primary task routing, ingest, mutation, activation, deactivation, apply, migration, namespace switching, or flat-browse fallback ownership.
audit	entry-router	Use when completed work or artifacts need a read-oriented inspection for drift, inconsistency, omissions, or unsupported claims. Owns audit report; default preset. Not for implementing fixes, producing the primary artifact, or replacing execution-stage verification.
autopilot-apply	entry-router	Use when an approved cheatsheet or patching guide must be applied to the real source artifact and the applied result verified. Owns applied artifact; default preset. Not for drafting or refining the cheatsheet, or for unrelated source implementation.
autopilot-code	entry-router	Use when source code must be implemented, debugged, refactored, or code-audited through a plan, execution, test, and report loop. Owns source changes; default preset. Not for requirements-only changes, new empirical experiments, or document-only editing.
autopilot-design	entry-router	Use when a visual product surface needs references, design tokens, components or mockups, review, and development handoff. Owns design; default preset. Not for implementing an already-approved design in code or for document prose work.
autopilot-draft	entry-router	Use when a new document has an independent audience and document goal. Owns document; default preset. Not for experiment reports (lab), existing-document edits, or code.
autopilot-lab	entry-router	Use when experiments need setup, evaluation/analysis, failure reproduction, or result reporting, including fixed results without new measurements. Owns experiments; default preset. Not for reusable evaluation code, independent documents, or fixed-data document layout/caption edits.
autopilot-refine	entry-router	Use when documents need factual, structural, stylistic, or review-driven correction; preserve history. Owns revision; default preset. Not for new documents, empirical work, or evaluation/result reporting (lab).
autopilot-research	entry-router	Use when a task needs a durable survey of new academic, technology, or market evidence before downstream specification or production. Owns research; default preset. Not for repository-only project analysis, a simple factual lookup, or work already grounded by sufficient current evidence.
autopilot-ship	entry-router	Use when preparing deployment/release or a delivery archive (package mode). Owns release; default preset. Not for code, new inference/evaluation, report rewriting, or unauthorized deployment; package mode does not run the deployment/review loop.
autopilot-spec	entry-router	Use when product requirements, architecture, evaluation policy, or another blueprint must be created or materially updated before implementation. Owns specification; default preset. Not for implementing an already-approved specification or for editing unrelated documents.
code-execute	parent-invoked	Use only when autopilot-code dispatches the implementation stage for an approved plan. Not for top-level user requests or primary capability routing.
code-plan	parent-invoked	Use only when autopilot-code dispatches the planning and plan-check stage. Not for top-level user requests or primary capability routing.
code-refine	parent-invoked	Use only when autopilot-code dispatches plan revision after user notes, plan-check feedback, or verification failure. Not for top-level user requests or primary capability routing.
code-report	parent-invoked	Use only when autopilot-code dispatches the final code-cycle reporting stage. Not for top-level user requests or primary capability routing.
code-test	parent-invoked	Use only when autopilot-code dispatches implementation verification and evidence recording. Not for top-level user requests or primary capability routing.
design-components	parent-invoked	Use only when autopilot-design dispatches component, mockup, or preview construction. Not for top-level user requests or primary capability routing.
design-handoff	parent-invoked	Use only when autopilot-design dispatches the development-handoff packaging stage. Not for top-level user requests or primary capability routing.
design-init	parent-invoked	Use only when autopilot-design dispatches design environment and state initialization. Not for top-level user requests or primary capability routing.
design-refs	parent-invoked	Use only when autopilot-design dispatches visual-reference collection and brief creation. Not for top-level user requests or primary capability routing.
design-review	parent-invoked	Use only when autopilot-design dispatches design quality, token-contract, and breakage review. Not for top-level user requests or primary capability routing.
design-tokens	parent-invoked	Use only when autopilot-design dispatches design-token definition or revision. Not for top-level user requests or primary capability routing.
draft-refine	parent-invoked	Use only when autopilot-draft or autopilot-refine dispatches an internal strategy or draft refinement stage. Not for top-level user requests or primary capability routing.
draft-strategy	parent-invoked	Use only when autopilot-draft dispatches document strategy and evidence-plan creation. Not for top-level user requests or primary capability routing.
route-frame	compiler-internal	Use only as the route compiler's own framed shape (compose --shape framed); no person or model invokes it by name. Not for direct invocation, a user-facing Skill, a native command, or any owner persona.
session-tidy	model-support	Use when context fills, before compact, on handoff to another session, after a large task, or on request. Not for primary routing or memory writes.
